,Cell_nr,projection_site,clusterA,clusterB,clusterC,cluster
1,2,LP,clus6,4ow,tOFFα,6
2,3,LP,clus2,2an,F-mini-OFF,2
3,4,LP,clus1,1wt,sOFFα,1
4,6,LP,clus7,5to,,7
5,7,LP,clus10,6sn,,10
6,8,LP,clus10,6sn,,10
7,9,LP,clus1,1wt,sOFFα,1
8,11,LP,clus8,5si,HD1/HD2,8
9,12,LP,clus2,2an,F-mini-OFF,2
10,13,LP,clus5,4i/4on,mini tOFFα,5
11,17,Pbg,clus7,5to,,7
12,28,LP,clus5,4i/4on,mini tOFFα,5
13,29,LP,clus14,8n/9n,,14
14,30,LP,clus13,8w,sONα,13
15,37,Pbg,clus14,8n/9n,,14
16,40,Pbg,clus1,1wt,sOFFα,1
17,43,Pbg,clus13,8w,sONα,13
18,58,Pbg,clus11,6sw,tONα,11
19,59,Pbg,clus7,5to,,7
20,60,Pbg,clus4,37c,ON-OFF DS,4
21,61,Pbg,clus3,27,,3
22,66,Pbg,clus12,6t,F-midi ON,12
23,67,Pbg,clus1,1wt,sOFFα,1
24,76,Pbg,clus4,37c,ON-OFF DS,4
26,80,LP,clus12,6t,F-midi ON,12
27,81,Pbg,clus2,2an,F-mini-OFF,2
28,84,Pbg,clus1,1wt,sOFFα,1
29,85,Pbg,clus1,1wt,sOFFα,1
30,86,LP,clus14,8n/9n,,14
31,87,Pbg,clus13,8w,sONα,13
32,88,LP,clus9,63,F-mini ON,9
33,89,Pbg,clus7,5to,,7
34,90,LP,clus9,63,F-mini ON,9
35,91,LP,clus9,63,F-mini ON,9
36,92,Pbg,clus12,6t,F-midi ON,12
37,97,Pbg,clus3,27,,3
38,98,LP,clus9,63,F-mini ON,9
39,100,LP,clus9,63,F-mini ON,9
40,101,LP,clus9,63,F-mini ON,9
42,104,Pbg,clus4,37c,ON-OFF DS,4
44,106,Pbg,clus4,37c,ON-OFF DS,4
45,107,Pbg,clus7,5to,,7
46,109,Pbg,clus8,5si,HD1/HD2,8
47,110,Pbg,clus1,1wt,sOFFα,1
48,111,Pbg,clus7,5to,,7
49,112,Pbg,clus1,1wt,sOFFα,1
50,113,Pbg,clus1,1wt,sOFFα,1
51,114,Pbg,clus13,8w,sONα,13
52,115,Pbg,clus14,8n/9n,,14
53,116,Pbg,clus13,8w,sONα,13
54,117,Pbg,clus13,8w,sONα,13
55,118,Pbg,clus6,4ow,tOFFα,6
56,119,Pbg,clus14,8n/9n,,14
58,121,Pbg,clus6,4ow,tOFFα,6
59,125,Pbg,clus12,6t,F-midi ON,12
60,126,Pbg,clus1,1wt,sOFFα,1
61,127,Pbg,clus7,5to,,7
62,130,Pbg,clus3,27,,3
63,131,Pbg,clus13,8w,sONα,13
64,132,Pbg,clus7,5to,,7
65,133,Pbg,clus12,6t,F-midi ON,12
66,134,Pbg,clus8,5si,HD1/HD2,8
67,136,Pbg,clus4,37c,ON-OFF DS,4
70,140,LP,clus1,1wt,sOFFα,1
71,141,LP,clus1,1wt,sOFFα,1
72,142,LP,clus13,8w,sONα,13
73,143,LP,clus1,1wt,sOFFα,1
74,144,Pbg,clus1,1wt,sOFFα,1
75,145,Pbg,clus1,1wt,sOFFα,1
76,146,Pbg,clus9,63,F-mini ON,9
77,147,Pbg,clus1,1wt,sOFFα,1
78,150,LP,clus7,5to,,7
80,152,LP,clus2,2an,F-mini-OFF,2
81,153,LP,clus2,2an,F-mini-OFF,2
82,155,LP,clus10,6sn,,10
83,156,LP,clus5,4i/4on,mini tOFFα,5
84,157,LP,clus6,4ow,tOFFα,6
85,158,LP,clus6,4ow,tOFFα,6
86,159,LP,clus14,8n/9n,,14
87,161,LP,clus5,4i/4on,mini tOFFα,5
88,164,LP,clus1,1wt,sOFFα,1
89,165,LP,clus3,27,,3
92,168,LP,clus2,2an,F-mini-OFF,2
93,171,LP,clus1,1wt,sOFFα,1
94,172,LP,clus9,63,F-mini ON,9
95,174,LP,clus9,63,F-mini ON,9
96,176,LP,clus1,1wt,sOFFα,1
97,177,Pbg,clus1,1wt,sOFFα,1
98,178,Pbg,clus7,5to,,7
99,179,Pbg,clus8,5si,HD1/HD2,8
100,180,Pbg,clus13,8w,sONα,13
101,181,Pbg,clus8,5si,HD1/HD2,8
102,182,LP,clus13,8w,sONα,13
103,183,LP,clus8,5si,HD1/HD2,8
104,184,LP,clus8,5si,HD1/HD2,8
105,185,LP,clus1,1wt,sOFFα,1
106,186,LP,clus3,27,,3
107,187,LP,clus8,5si,HD1/HD2,8
108,188,LP,clus7,5to,,7
109,189,LP,clus9,63,F-mini ON,9
110,190,LP,clus13,8w,sONα,13
111,191,LP,clus10,6sn,,10
112,192,LP,clus10,6sn,,10
113,193,LP,clus8,5si,HD1/HD2,8
114,194,LP,clus1,1wt,sOFFα,1
115,195,LP,clus9,63,F-mini ON,9
116,196,Pbg,clus1,1wt,sOFFα,1
117,197,LP,clus14,8n/9n,,14
118,198,LP,clus14,8n/9n,,14
119,199,LP,clus14,8n/9n,,14
120,200,LP,clus14,8n/9n,,14
121,201,Pbg,clus6,4ow,tOFFα,6
122,202,Pbg,clus6,4ow,tOFFα,6
123,203,Pbg,clus1,1wt,sOFFα,1
124,204,Pbg,clus13,8w,sONα,13
125,205,Pbg,clus6,4ow,tOFFα,6
126,206,Pbg,clus1,1wt,sOFFα,1
127,207,Pbg,clus13,8w,sONα,13
128,208,Pbg,clus1,1wt,sOFFα,1
129,209,LP,clus6,4ow,tOFFα,6
130,210,LP,clus2,2an,F-mini-OFF,2
131,211,Pbg,clus13,8w,sONα,13
132,212,LP,clus6,4ow,tOFFα,6
133,213,LP,clus6,4ow,tOFFα,6
135,216,Pbg,clus13,8w,sONα,13
136,217,Pbg,clus8,5si,HD1/HD2,8
138,219,Pbg,clus1,1wt,sOFFα,1
139,220,Pbg,clus13,8w,sONα,13
140,221,Pbg,clus13,8w,sONα,13
141,222,Pbg,clus1,1wt,sOFFα,1
142,223,Pbg,clus3,27,,3
143,224,LP,clus1,1wt,sOFFα,1
144,225,LP,clus10,6sn,,10
145,226,LP,clus14,8n/9n,,14
146,227,LP,clus8,5si,HD1/HD2,8
147,229,LP,clus8,5si,HD1/HD2,8
148,230,LP,clus1,1wt,sOFFα,1
149,231,LP,clus1,1wt,sOFFα,1
150,232,LP,clus1,1wt,sOFFα,1
151,233,Pbg,clus14,8n/9n,,14
152,234,Pbg,clus1,1wt,sOFFα,1
153,235,Pbg,clus13,8w,sONα,13
154,236,Pbg,clus14,8n/9n,,14
155,237,Pbg,clus1,1wt,sOFFα,1
156,238,Pbg,clus13,8w,sONα,13
157,239,Pbg,clus13,8w,sONα,13
158,240,Pbg,clus13,8w,sONα,13
159,241,LP,clus10,6sn,,10
160,242,Pbg,clus14,8n/9n,,14
161,243,Pbg,clus6,4ow,tOFFα,6
162,244,LP,clus5,4i/4on,mini tOFFα,5
163,245,LP,clus10,6sn,,10
164,247,LP,clus14,8n/9n,,14
165,248,LP,clus10,6sn,,10
166,249,LP,clus6,4ow,tOFFα,6
167,250,Pbg,clus3,27,,3
168,251,LP,clus6,4ow,tOFFα,6
169,252,LP,clus6,4ow,tOFFα,6
170,253,Pbg,clus6,4ow,tOFFα,6
171,254,Pbg,clus6,4ow,tOFFα,6
172,255,Pbg,clus13,8w,sONα,13
173,256,LP,clus1,1wt,sOFFα,1
174,257,LP,clus6,4ow,tOFFα,6
175,258,Pbg,clus10,6sn,,10
176,260,LP,clus14,8n/9n,,14
177,261,LP,clus6,4ow,tOFFα,6
178,262,LP,clus6,4ow,tOFFα,6
179,263,Pbg,clus1,1wt,sOFFα,1
180,264,LP,clus1,1wt,sOFFα,1
181,265,LP,clus5,4i/4on,mini tOFFα,5
182,266,LP,clus14,8n/9n,,14
183,267,LP,clus6,4ow,tOFFα,6
184,268,LP,clus1,1wt,sOFFα,1
186,270,LP,clus7,5to,,7
187,272,Pbg,clus13,8w,sONα,13
188,273,Pbg,clus8,5si,HD1/HD2,8
189,274,Pbg,clus3,27,,3
191,276,Pbg,clus1,1wt,sOFFα,1
192,277,Pbg,clus13,8w,sONα,13
193,278,Pbg,clus8,5si,HD1/HD2,8
194,279,Pbg,clus1,1wt,sOFFα,1
195,280,Pbg,clus13,8w,sONα,13
196,281,LP,clus13,8w,sONα,13
197,283,Pbg,clus1,1wt,sOFFα,1
198,285,Pbg,clus2,2an,F-mini-OFF,2
199,286,Pbg,clus8,5si,HD1/HD2,8
201,288,LP,clus1,1wt,sOFFα,1
202,289,LP,clus2,2an,F-mini-OFF,2
203,290,LP,clus1,1wt,sOFFα,1
204,291,Pbg,clus13,8w,sONα,13
205,292,Pbg,clus1,1wt,sOFFα,1
206,293,Pbg,clus5,4i/4on,mini tOFFα,5
207,294,Pbg,clus10,6sn,,10
208,295,Pbg,clus6,4ow,tOFFα,6
209,296,Pbg,clus14,8n/9n,,14
210,297,Pbg,clus6,4ow,tOFFα,6
211,298,Pbg,clus4,37c,ON-OFF DS,4
212,299,LP,clus2,2an,F-mini-OFF,2
213,300,LP,clus6,4ow,tOFFα,6
214,302,LP,clus10,6sn,,10
215,303,LP,clus11,6sw,tONα,11
216,304,LP,clus8,5si,HD1/HD2,8
217,305,LP,clus10,6sn,,10
218,306,LP,clus11,6sw,tONα,11
219,307,LP,clus2,2an,F-mini-OFF,2
220,308,LP,clus1,1wt,sOFFα,1
221,309,LP,clus14,8n/9n,,14
222,310,LP,clus1,1wt,sOFFα,1
223,311,LP,clus2,2an,F-mini-OFF,2
224,312,LP,clus1,1wt,sOFFα,1
225,313,LP,clus2,2an,F-mini-OFF,2
226,314,LP,clus1,1wt,sOFFα,1
227,316,LP,clus10,6sn,,10
228,317,LP,clus1,1wt,sOFFα,1
229,318,LP,clus1,1wt,sOFFα,1
230,319,Pbg,clus7,5to,,7
231,320,Pbg,clus1,1wt,sOFFα,1
232,321,Pbg,clus3,27,,3
233,322,Pbg,clus14,8n/9n,,14
234,323,Pbg,clus6,4ow,tOFFα,6
235,324,Pbg,clus1,1wt,sOFFα,1
236,325,LP,clus6,4ow,tOFFα,6
237,327,Pbg,clus8,5si,HD1/HD2,8
238,328,Pbg,clus13,8w,sONα,13
240,331,Pbg,clus7,5to,,7
241,332,Pbg,clus8,5si,HD1/HD2,8
242,333,Pbg,clus4,37c,ON-OFF DS,4
243,334,Pbg,clus4,37c,ON-OFF DS,4
244,336,Pbg,clus3,27,,3
246,339,Pbg,clus1,1wt,sOFFα,1
247,340,LP,clus11,6sw,tONα,11
248,341,LP,clus6,4ow,tOFFα,6
249,342,LP,clus11,6sw,tONα,11
250,343,LP,clus11,6sw,tONα,11
251,344,LP,clus11,6sw,tONα,11
252,345,Pbg,clus4,37c,ON-OFF DS,4
253,346,LP,clus7,5to,,7
254,349,LP,clus8,5si,HD1/HD2,8
255,350,LP,clus5,4i/4on,mini tOFFα,5
256,351,LP,clus1,1wt,sOFFα,1
257,352,LP,clus6,4ow,tOFFα,6
258,353,LP,clus6,4ow,tOFFα,6
259,354,LP,clus14,8n/9n,,14
260,355,LP,clus11,6sw,tONα,11
261,356,LP,clus2,2an,F-mini-OFF,2
262,357,Pbg,clus6,4ow,tOFFα,6
263,358,LP,clus1,1wt,sOFFα,1
264,359,LP,clus6,4ow,tOFFα,6
265,362,LP,clus6,4ow,tOFFα,6
267,364,LP,clus7,5to,,7
268,365,LP,clus14,8n/9n,,14
269,366,LP,clus1,1wt,sOFFα,1
270,367,LP,clus1,1wt,sOFFα,1
271,368,LP,clus1,1wt,sOFFα,1
272,369,LP,clus1,1wt,sOFFα,1
273,370,LP,clus1,1wt,sOFFα,1
274,371,LP,clus1,1wt,sOFFα,1
275,372,LP,clus6,4ow,tOFFα,6
276,373,LP,clus9,63,F-mini ON,9
277,374,LP,clus1,1wt,sOFFα,1
278,376,LP,clus6,4ow,tOFFα,6
279,377,LP,clus1,1wt,sOFFα,1
280,378,LP,clus2,2an,F-mini-OFF,2
281,379,LP,clus6,4ow,tOFFα,6
282,380,Pbg,clus14,8n/9n,,14
283,381,Pbg,clus8,5si,HD1/HD2,8
284,382,Pbg,clus6,4ow,tOFFα,6
285,383,Pbg,clus13,8w,sONα,13
286,384,Pbg,clus1,1wt,sOFFα,1
287,385,Pbg,clus13,8w,sONα,13
288,386,Pbg,clus1,1wt,sOFFα,1
289,387,Pbg,clus1,1wt,sOFFα,1
290,388,Pbg,clus6,4ow,tOFFα,6
291,389,Pbg,clus13,8w,sONα,13
292,391,LP,clus8,5si,HD1/HD2,8
293,392,LP,clus8,5si,HD1/HD2,8
294,393,LP,clus8,5si,HD1/HD2,8
296,395,LP,clus2,2an,F-mini-OFF,2
297,396,LP,clus8,5si,HD1/HD2,8
298,397,LP,clus9,63,F-mini ON,9
299,398,LP,clus8,5si,HD1/HD2,8
300,399,LP,clus5,4i/4on,mini tOFFα,5
301,400,LP,clus9,63,F-mini ON,9
302,401,LP,clus1,1wt,sOFFα,1
303,402,LP,clus1,1wt,sOFFα,1
304,403,LP,clus1,1wt,sOFFα,1
305,404,LP,clus7,5to,,7
306,405,LP,clus2,2an,F-mini-OFF,2
307,406,LP,clus1,1wt,sOFFα,1
308,407,LP,clus4,37c,ON-OFF DS,4
309,408,LP,clus12,6t,F-midi ON,12
311,410,LP,clus5,4i/4on,mini tOFFα,5
312,411,LP,clus11,6sw,tONα,11
313,412,LP,clus2,2an,F-mini-OFF,2
314,413,LP,clus1,1wt,sOFFα,1
315,414,LP,clus2,2an,F-mini-OFF,2
316,415,LP,clus10,6sn,,10
317,416,LP,clus2,2an,F-mini-OFF,2
318,417,LP,clus2,2an,F-mini-OFF,2
319,418,LP,clus2,2an,F-mini-OFF,2
320,419,LP,clus14,8n/9n,,14
321,420,LP,clus2,2an,F-mini-OFF,2
322,421,LP,clus1,1wt,sOFFα,1
323,422,LP,clus13,8w,sONα,13
325,425,LP,clus10,6sn,,10
326,427,LP,clus11,6sw,tONα,11
328,430,LP,clus5,4i/4on,mini tOFFα,5
329,431,LP,clus1,1wt,sOFFα,1
330,432,LP,clus1,1wt,sOFFα,1
332,434,LP,clus12,6t,F-midi ON,12
333,435,LP,clus6,4ow,tOFFα,6
334,436,LP,clus6,4ow,tOFFα,6
335,440,LP,clus6,4ow,tOFFα,6
336,441,LP,clus6,4ow,tOFFα,6
337,443,LP,clus14,8n/9n,,14
338,444,LP,clus6,4ow,tOFFα,6
339,445,LP,clus6,4ow,tOFFα,6
340,446,LP,clus1,1wt,sOFFα,1
341,447,LP,clus6,4ow,tOFFα,6
342,448,LP,clus6,4ow,tOFFα,6
343,450,LP,clus6,4ow,tOFFα,6
344,451,LP,clus6,4ow,tOFFα,6
345,453,LP,clus5,4i/4on,mini tOFFα,5
346,454,LP,clus1,1wt,sOFFα,1
347,455,LP,clus6,4ow,tOFFα,6
348,456,LP,clus6,4ow,tOFFα,6
349,457,LP,clus13,8w,sONα,13
350,458,LP,clus6,4ow,tOFFα,6
351,459,LP,clus6,4ow,tOFFα,6
352,460,LP,clus6,4ow,tOFFα,6
353,463,LP,clus1,1wt,sOFFα,1
355,466,LP,clus6,4ow,tOFFα,6
356,468,LP,clus14,8n/9n,,14
357,469,LP,clus11,6sw,tONα,11
358,470,LP,clus6,4ow,tOFFα,6
359,471,LP,clus10,6sn,,10
361,473,LP,clus10,6sn,,10
362,474,LP,clus5,4i/4on,mini tOFFα,5
363,475,LP,clus2,2an,F-mini-OFF,2
364,476,LP,clus10,6sn,,10
365,477,LP,clus5,4i/4on,mini tOFFα,5
366,478,LP,clus5,4i/4on,mini tOFFα,5
367,479,LP,clus14,8n/9n,,14
368,481,LP,clus1,1wt,sOFFα,1
369,482,LP,clus10,6sn,,10
370,483,LP,clus1,1wt,sOFFα,1
371,484,LP,clus5,4i/4on,mini tOFFα,5
372,486,LP,clus5,4i/4on,mini tOFFα,5
373,487,LP,clus6,4ow,tOFFα,6
374,488,LP,clus10,6sn,,10
375,489,LP,clus10,6sn,,10
376,490,LP,clus6,4ow,tOFFα,6
378,492,LP,clus5,4i/4on,mini tOFFα,5
379,494,LP,clus8,5si,HD1/HD2,8
380,496,LP,clus6,4ow,tOFFα,6
381,497,LP,clus6,4ow,tOFFα,6
382,498,LP,clus6,4ow,tOFFα,6
383,499,LP,clus5,4i/4on,mini tOFFα,5
384,500,LP,clus1,1wt,sOFFα,1
385,501,LP,clus1,1wt,sOFFα,1
386,502,LP,clus5,4i/4on,mini tOFFα,5
387,503,LP,clus1,1wt,sOFFα,1
388,504,LP,clus5,4i/4on,mini tOFFα,5
389,506,LP,clus10,6sn,,10
390,508,LP,clus10,6sn,,10
391,509,LP,clus2,2an,F-mini-OFF,2
392,510,LP,clus5,4i/4on,mini tOFFα,5
393,512,LP,clus1,1wt,sOFFα,1
394,513,LP,clus5,4i/4on,mini tOFFα,5
395,514,LP,clus1,1wt,sOFFα,1
396,515,LP,clus10,6sn,,10
397,516,LP,clus6,4ow,tOFFα,6
398,517,LP,clus5,4i/4on,mini tOFFα,5
399,518,LP,clus5,4i/4on,mini tOFFα,5
400,519,LP,clus1,1wt,sOFFα,1
401,520,LP,clus10,6sn,,10
402,521,LP,clus1,1wt,sOFFα,1
403,522,LP,clus2,2an,F-mini-OFF,2
404,524,LP,clus5,4i/4on,mini tOFFα,5
405,525,LP,clus1,1wt,sOFFα,1
406,527,LP,clus1,1wt,sOFFα,1
407,528,LP,clus10,6sn,,10
408,529,LP,clus6,4ow,tOFFα,6
409,530,LP,clus6,4ow,tOFFα,6
410,531,LP,clus11,6sw,tONα,11
411,534,LP,clus1,1wt,sOFFα,1
412,535,LP,clus7,5to,,7
414,537,LP,clus10,6sn,,10
415,538,LP,clus1,1wt,sOFFα,1
416,539,LP,clus6,4ow,tOFFα,6
417,540,LP,clus1,1wt,sOFFα,1
418,541,LP,clus2,2an,F-mini-OFF,2
419,542,LP,clus1,1wt,sOFFα,1
420,543,LP,clus11,6sw,tONα,11
421,544,LP,clus1,1wt,sOFFα,1
422,545,LP,clus1,1wt,sOFFα,1
423,546,LP,clus1,1wt,sOFFα,1
424,548,LP,clus5,4i/4on,mini tOFFα,5
425,549,LP,clus8,5si,HD1/HD2,8
427,551,LP,clus10,6sn,,10
428,552,LP,clus10,6sn,,10
429,553,LP,clus6,4ow,tOFFα,6
431,555,LP,clus5,4i/4on,mini tOFFα,5
432,556,LP,clus5,4i/4on,mini tOFFα,5
433,557,LP,clus6,4ow,tOFFα,6
435,559,LP,clus5,4i/4on,mini tOFFα,5
436,560,LP,clus1,1wt,sOFFα,1
439,563,LP,clus2,2an,F-mini-OFF,2
440,564,LP,clus1,1wt,sOFFα,1
441,565,LP,clus10,6sn,,10
442,566,LP,clus5,4i/4on,mini tOFFα,5
443,567,LP,clus1,1wt,sOFFα,1
444,568,LP,clus1,1wt,sOFFα,1
445,569,LP,clus5,4i/4on,mini tOFFα,5
446,570,LP,clus10,6sn,,10
447,572,LP,clus1,1wt,sOFFα,1
448,573,LP,clus1,1wt,sOFFα,1
450,578,LP,clus10,6sn,,10
451,579,LP,clus5,4i/4on,mini tOFFα,5
452,580,LP,clus6,4ow,tOFFα,6
453,581,LP,clus10,6sn,,10
454,582,LP,clus5,4i/4on,mini tOFFα,5
456,585,Pbg,clus1,1wt,sOFFα,1
457,586,Pbg,clus13,8w,sONα,13
458,587,Pbg,clus13,8w,sONα,13
460,590,Pbg,clus13,8w,sONα,13
461,592,Pbg,clus1,1wt,sOFFα,1
463,594,Pbg,clus4,37c,ON-OFF DS,4
464,597,Pbg,clus6,4ow,tOFFα,6
465,598,Pbg,clus6,4ow,tOFFα,6
467,600,Pbg,clus14,8n/9n,,14
468,601,Pbg,clus12,6t,F-midi ON,12
469,602,Pbg,clus1,1wt,sOFFα,1
470,604,Pbg,clus9,63,F-mini ON,9
471,605,Pbg,clus1,1wt,sOFFα,1
472,606,Pbg,clus11,6sw,tONα,11
473,607,Pbg,clus9,63,F-mini ON,9
474,608,LP,clus1,1wt,sOFFα,1
475,610,Pbg,clus4,37c,ON-OFF DS,4
476,611,Pbg,clus12,6t,F-midi ON,12
477,612,Pbg,clus1,1wt,sOFFα,1
478,613,Pbg,clus4,37c,ON-OFF DS,4
481,619,Pbg,clus14,8n/9n,,14
482,620,Pbg,clus11,6sw,tONα,11
483,621,Pbg,clus13,8w,sONα,13
484,622,Pbg,clus4,37c,ON-OFF DS,4
485,623,Pbg,clus8,5si,HD1/HD2,8
486,624,Pbg,clus1,1wt,sOFFα,1
487,625,Pbg,clus6,4ow,tOFFα,6
488,626,Pbg,clus8,5si,HD1/HD2,8
489,627,Pbg,clus13,8w,sONα,13
490,628,Pbg,clus6,4ow,tOFFα,6
491,629,Pbg,clus8,5si,HD1/HD2,8
492,630,Pbg,clus7,5to,,7
493,631,Pbg,clus8,5si,HD1/HD2,8
495,638,LP,clus5,4i/4on,mini tOFFα,5
498,641,LP,clus8,5si,HD1/HD2,8
499,642,LP,clus1,1wt,sOFFα,1
500,643,LP,clus12,6t,F-midi ON,12
501,644,LP,clus12,6t,F-midi ON,12
502,645,LP,clus10,6sn,,10
503,646,LP,clus2,2an,F-mini-OFF,2
504,647,LP,clus12,6t,F-midi ON,12
505,648,LP,clus12,6t,F-midi ON,12
506,651,LP,clus12,6t,F-midi ON,12
507,652,LP,clus12,6t,F-midi ON,12
508,654,LP,clus12,6t,F-midi ON,12
509,655,LP,clus12,6t,F-midi ON,12
510,656,LP,clus12,6t,F-midi ON,12
511,657,LP,clus9,63,F-mini ON,9
512,658,LP,clus12,6t,F-midi ON,12
513,659,LP,clus12,6t,F-midi ON,12
514,660,LP,clus12,6t,F-midi ON,12
515,661,LP,clus12,6t,F-midi ON,12
516,662,LP,clus12,6t,F-midi ON,12
517,665,LP,clus12,6t,F-midi ON,12
518,666,LP,clus12,6t,F-midi ON,12
519,667,Pbg,clus4,37c,ON-OFF DS,4
520,669,Pbg,clus9,63,F-mini ON,9
522,671,Pbg,clus9,63,F-mini ON,9
523,672,Pbg,clus5,4i/4on,mini tOFFα,5
524,673,Pbg,clus13,8w,sONα,13
525,674,Pbg,clus12,6t,F-midi ON,12
526,676,Pbg,clus12,6t,F-midi ON,12
527,677,Pbg,clus12,6t,F-midi ON,12
528,680,Pbg,clus12,6t,F-midi ON,12
529,683,LP,clus5,4i/4on,mini tOFFα,5
530,684,LP,clus11,6sw,tONα,11
531,685,LP,clus13,8w,sONα,13
532,686,Pbg,clus6,4ow,tOFFα,6
533,687,LP,clus6,4ow,tOFFα,6
534,688,LP,clus6,4ow,tOFFα,6
535,689,Pbg,clus13,8w,sONα,13
536,690,Pbg,clus13,8w,sONα,13
537,691,Pbg,clus6,4ow,tOFFα,6
539,695,Pbg,clus6,4ow,tOFFα,6
540,696,Pbg,clus6,4ow,tOFFα,6
541,697,Pbg,clus6,4ow,tOFFα,6
542,698,LP,clus11,6sw,tONα,11
543,699,LP,clus11,6sw,tONα,11
544,700,LP,clus1,1wt,sOFFα,1
545,701,LP,clus6,4ow,tOFFα,6
546,702,LP,clus6,4ow,tOFFα,6
548,704,LP,clus6,4ow,tOFFα,6
549,705,LP,clus8,5si,HD1/HD2,8
550,706,LP,clus1,1wt,sOFFα,1
551,707,LP,clus5,4i/4on,mini tOFFα,5
552,708,Pbg,clus1,1wt,sOFFα,1
553,709,LP,clus6,4ow,tOFFα,6
554,710,LP,clus3,27,,3
557,713,LP,clus11,6sw,tONα,11
558,714,LP,clus6,4ow,tOFFα,6
559,715,LP,clus6,4ow,tOFFα,6
560,716,LP,clus6,4ow,tOFFα,6
561,717,LP,clus5,4i/4on,mini tOFFα,5
562,718,LP,clus6,4ow,tOFFα,6
563,719,LP,clus5,4i/4on,mini tOFFα,5
564,720,LP,clus6,4ow,tOFFα,6
565,721,LP,clus11,6sw,tONα,11
566,722,LP,clus8,5si,HD1/HD2,8
567,723,LP,clus1,1wt,sOFFα,1
568,724,LP,clus11,6sw,tONα,11
569,725,LP,clus8,5si,HD1/HD2,8
570,726,LP,clus6,4ow,tOFFα,6
571,727,LP,clus1,1wt,sOFFα,1
572,728,LP,clus6,4ow,tOFFα,6
573,729,LP,clus5,4i/4on,mini tOFFα,5
574,730,LP,clus6,4ow,tOFFα,6
575,732,Pbg,clus4,37c,ON-OFF DS,4
576,733,Pbg,clus1,1wt,sOFFα,1
577,734,Pbg,clus8,5si,HD1/HD2,8
578,735,Pbg,clus1,1wt,sOFFα,1
580,737,Pbg,clus4,37c,ON-OFF DS,4
581,738,Pbg,clus5,4i/4on,mini tOFFα,5
582,739,Pbg,clus7,5to,,7
583,740,Pbg,clus8,5si,HD1/HD2,8
584,741,Pbg,clus14,8n/9n,,14
585,742,Pbg,clus12,6t,F-midi ON,12
586,743,Pbg,clus10,6sn,,10
587,744,Pbg,clus1,1wt,sOFFα,1
589,746,LP,clus1,1wt,sOFFα,1
590,748,Pbg,clus1,1wt,sOFFα,1
591,755,Pbg,clus6,4ow,tOFFα,6
592,756,LP,clus1,1wt,sOFFα,1
593,757,LP,clus6,4ow,tOFFα,6
594,758,LP,clus5,4i/4on,mini tOFFα,5
595,760,Pbg,clus13,8w,sONα,13
596,761,Pbg,clus5,4i/4on,mini tOFFα,5
597,762,Pbg,clus13,8w,sONα,13
598,763,Pbg,clus1,1wt,sOFFα,1
